<?xml version="1.0" encoding="UTF-8"?>
<config xmlns="http://www.knime.org/2008/09/XMLConfig" xmlns:xsi="http://www.w3.org/2001/XMLSchema-instance" xsi:schemaLocation="http://www.knime.org/2008/09/XMLConfig http://www.knime.org/XMLConfig_2008_09.xsd" key="MiningSchema">
<config key="learning">
<entry key="array-size" type="xint" value="8"/>
<entry key="0" type="xstring" value="Principal"/>
<entry key="1" type="xstring" value="terms"/>
<entry key="2" type="xstring" value="effective_date"/>
<entry key="3" type="xstring" value="due_date"/>
<entry key="4" type="xstring" value="past_due_days"/>
<entry key="5" type="xstring" value="age"/>
<entry key="6" type="xstring" value="education"/>
<entry key="7" type="xstring" value="Gender"/>
</config>
<config key="target">
<entry key="array-size" type="xint" value="1"/>
<entry key="0" type="xstring" value="loan_status"/>
</config>
</config>
